{"cameraMode":{"drawMode":0,"name":"Shaded","section":"Shading Mode"},"sceneLighting":true,"audioPlay":false,"sceneViewState":{"showFog":true,"showMaterialUpdate":true,"showSkybox":true,"showFlares":true,"showImageEffects":true,"showParticleSystems":true},"in2DMode":false,"pivot":{"x":-1.3500425815582276,"y":5.451211929321289,"z":-0.13808727264404298},"rotation":{"x":-0.12436668574810028,"y":0.04342495650053024,"z":-0.005440472159534693,"w":-0.9912706613540649},"size":9.100419998168946,"orthographic":false}