{"cameraMode":{"drawMode":0,"name":"Shaded","section":"Shading Mode"},"sceneLighting":false,"audioPlay":false,"sceneViewState":{"showFog":true,"showMaterialUpdate":true,"showSkybox":true,"showFlares":true,"showImageEffects":true,"showParticleSystems":true},"in2DMode":false,"pivot":{"x":-0.000039458274841308594,"y":2.8566524982452394,"z":-0.00022554397583007813},"rotation":{"x":-0.20272196829319,"y":0.03992176800966263,"z":-0.008268963545560837,"w":-0.9783873558044434},"size":12.895333290100098,"orthographic":false}