{"cameraMode":{"drawMode":0,"name":"Shaded","section":"Shading Mode"},"sceneLighting":true,"audioPlay":false,"sceneViewState":{"showFog":true,"showMaterialUpdate":true,"showSkybox":true,"showFlares":true,"showImageEffects":true,"showParticleSystems":true},"in2DMode":false,"pivot":{"x":-67.10228729248047,"y":2.0420186519622804,"z":-16.671545028686525},"rotation":{"x":-0.16735927760601045,"y":0.3108312487602234,"z":-0.05569048598408699,"w":-0.9339557886123657},"size":40.010372161865237,"orthographic":false}